Sample_ID,Sample_no,Date,Sampling_Timepoint,Plot_Number,Treatment,Tip_Depth_cm,Matrix,Collection_Method,Temp_C_Probe,Sample_Time_EDT,Measurement_Time_YSI,Temp_C_YSI,Cond_mScm,Sal_psu,pH_YSI,DO_per,DO_mgL,ORP_mV,Measurement_Time_UNI,H2S_mV,H2S_std,H2S_umolL,H2S_cal_val,H2S_0,O2_mV,O2_std,O2_umolL,N2O_mV,N2O_std,N2O_umolL,pH_mV,pH_std,pH_UNI,Eh_mV,Eh_std,Eh_SHE_mV,Measurement_Date_NUTS,Ortho_Phos_uM,Ammonium_uM,Measurement_Date_Anions,Chl_mgL,SO4_mgL,DIC_umol_kg,DIC_stdev_umol_kg,DIC_n,DIC_per_stdev,DIC_Flag_2good_3questionable_4bad,TA_umol_kg,TA_stdev_umol_kg,TA_n,TA_per_stdev,TA_Flag_2good_3questionable_4bad
CDR-22-01,1,5/24/2022,T0,1,1 cm olivine,5,porewater,syringe pulled,19.249,14:42:00,16:00:00,18.4,30.72,19.57,,,,,16:00:00,2610,5,2079.001724,99.98535069,0,-10,6,-21.43567126,,,,314,0.3,5.951719283,,,,,,,,,,,,,,,,,,,
CDR-22-02,2,5/24/2022,T0,1,1 cm olivine,15,porewater,syringe pulled,16.5,15:33:00,,17.8,32.58,20.4,,,,,,3950,19,3144.625148,99.64706759,0,0.7,5.6,-3.655695875,,,,300,0.4,6.209934524,,,,,,,,,,,,,,,,,,,
CDR-22-03,3,5/24/2022,T0,2,control,5,porewater,syringe pulled,17.74,16:10:00,,17.4,26.78,16.47,,,,,,1060,0.4,846.1484472,101.4382354,0,10,3,11.7979276,,,,302,0.2,6.173046632,,,,,,,,,,,,,,,,,,,
CDR-22-04,4,5/24/2022,T0,2,control,15,porewater,syringe pulled,15.82,16:40:00,,17,34.2,21.53,,,,,,6940,17,5512.440922,99.18552768,0,-10,8,-21.43567126,,,,294,1.2,6.320598199,,,,,,,,,,,,,,,,,,,
CDR-22-05,5,5/24/2022,T0,3,5 cm olivine,5,porewater,syringe pulled,20.57,17:10:00,,17.2,27.53,16.97,,,,,,1750,1.4,1405.454837,101.2250147,0,5.04,4.5,3.555995078,,,,302.3,0,6.167513449,,,,,,,,,,,,,,,,,,,
CDR-22-06,6,5/24/2022,T0,3,5 cm olivine,15,porewater,syringe pulled,16.67,17:30:00,,15.5,32.4,20.39,,,,,,5800,10,4631.98132,99.78598899,0,-3,6,-9.803911664,,,,297,0.2,6.265266361,,,,,,,,,,,,,,,,,,,
CDR-22-07,7,5/25/2022,T0,4,5 cm sand,5,porewater,syringe pulled,15.398,11:48:00,12:15:00,21.8,13.09,7.45,,,,,12:15:00,230,8,176.1596892,105.238448,0,111,1.4,142.5415254,,,,311,0.8,6.302394161,-158,0.5,54.845,,,,,,,,,,,,,,,,
CDR-22-08,8,5/25/2022,T0,4,5 cm sand,15,porewater,syringe pulled,15.076,12:15:00,12:30:00,21.1,29.14,18.05,,,,,12:30:00,1290,80,1024.125777,100.5112749,0,-25,2.5,-36.78916336,,,,305,0.35,6.40750365,-310,0.9,-97.155,,,,,,,,,,,,,,,,
CDR-22-09,9,5/25/2022,T0,8,5 cm sand,5,porewater,syringe pulled,17.538,13:00:00,13:20:00,22.7,14.72,8.56,,,,,13:20:00,220,4,166.8261185,104.6865482,0,119,0.13,153.0903895,,,,304,0.5,6.425021898,-340,1.5,-127.155,,,,,,,,,,,,,,,,
CDR-22-10,10,5/25/2022,T0,8,5 cm sand,15,porewater,syringe pulled,15.312,13:14:00,13:40:00,19.4,31.57,19.73,,,,,13:40:00,1015,1.6,796.8441038,99.85493473,0,-5.5,0.5,-11.07630725,,,,315,1,6.232321168,-255,1,-42.155,,,,,,,,,,,,,,,,
CDR-22-11,11,5/25/2022,T0,7,5 cm sand,5,porewater,syringe pulled,17.967,14:36:00,15:30:00,20.8,23.22,14.12,,,,,15:30:00,520,0.9,409.5500282,102.2965982,0,-2,0.7,-6.461179228,,,,314,1.2,6.249839416,-215,3.2,-2.155,,,,,,,3098.5,638.7,5,20.6,3,2287.14,0.47,2,0.02,2
CDR-22-12,12,5/25/2022,T0,7,5 cm sand,15,porewater,syringe pulled,15.153,14:56:00,15:45:00,18.5,33.84,22.33,,,,,15:45:00,2531,8,1990.403746,98.73800494,0,-2,1,-6.461179228,,,,320,2,6.144729927,-2670,1.7,-2457.155,,,,,,,,,,,,,,,,
CDR-22-13,13,5/25/2022,T0,5,1 cm olivine,5,porewater,syringe pulled,15.46,15:39:00,15:45:00,19.8,15.98,9.38,,,,,15:45:00,58,5,30.53007605,104.4871865,0,41,0.3,50.23896502,,,,311,1,6.302394161,-56,0.6,156.845,,,,,,,,,,,,,,,,
CDR-22-14,14,5/25/2022,T0,5,1 cm olivine,15,porewater,syringe pulled,19.736,15:46:00,16:15:00,17.9,29.3,18.29,,,,,16:15:00,964,1.4,761.5011902,100.5903418,0,-2.5,0.2,-7.120483231,,,,327,1.5,6.02210219,-247,0.7,-34.155,,,,,,,,,,,,,,,,
CDR-22-15,15,5/25/2022,T0,9,5 cm olivine,5,porewater,syringe pulled,17.77,15:39:00,15:59:00,19,22.36,15.6,,,,,15:59:00,730,7,578.9330363,101.7360664,0,-5,1.3,-10.41700325,,,,319,0.8,6.162248175,-253,1.2,-40.155,,,,,,,,,,,,,,,,
CDR-22-16,16,5/25/2022,T0,9,5 cm olivine,15,porewater,syringe pulled,15.529,16:32:00,17:00:00,19,30.32,18.84,,,,,17:00:00,1633,3,1298.064081,100.2786519,0,4,0.4,1.450468806,,,,315,0.6,6.232321168,-274,0.7,-61.155,,,,,,,4960.4,574.4,5,11.6,3,4909.48,3.84,3,0.08,2
CDR-22-17,17,5/25/2022,T0,15,control,5,porewater,syringe pulled,18.554,16:22:00,16:45:00,18,18.74,11.16,,,,,16:45:00,78,0.8,47.00257557,103.791709,0,16,0.2,17.27376488,,,,309,0.6,6.337430657,-54,1,158.845,,,,,,,,,,,,,,,,
CDR-22-18,18,5/25/2022,T0,15,control,15,porewater,syringe pulled,15.765,16:37:00,17:15:00,16.9,28.93,17.93,,,,,17:15:00,1440,4.5,1148.652664,100.8107216,0,5.7,0.7,3.692102416,,,,324,1.1,6.074656934,-260,0.3,-47.155,,,,,,,,,,,,,,,,
CDR-22-19,19,5/25/2022,T0,12,5 cm olivine,5,porewater,syringe pulled,18.536,17:00:00,17:20:00,17.5,26.14,16.05,,,,,17:20:00,492,2.2,383.9886891,101.621315,0,-0.9,0.9,-5.010710422,,,,305,0.6,6.40750365,-229,3.5,-16.155,,,,,,,,,,,,,,,,
CDR-22-20,20,5/25/2022,T0,12,5 cm olivine,15,porewater,syringe pulled,15.81,17:20:00,17:45:00,17.3,38.13,19.45,,,,,17:45:00,993,3.3,781.1371239,100.1036184,0,3.01,0.3,0.145046881,,,,315,0.5,6.232321168,-254,0.9,-41.155,,,,,,,,,,,,,,,,
CDR-22-21,21,5/25/2022,T0,13,control,5,porewater,syringe pulled,16.902,18:30:00,18:48:00,15.5,24.69,15.07,,,,,18:48:00,518,2.2,407.4376672,102.1790277,0,13,0.5,13.31794086,,,,325,0.4,6.057138686,-230,0.75,-17.155,,,,,,,,,,,,,,,,
CDR-22-22,22,5/25/2022,T0,13,control,15,porewater,syringe pulled,15.466,17:41:00,18:05:00,15.5,27.74,17.15,,,,,18:05:00,1624,-5.4,1303.232548,101.2434035,0,4.6,0.3,2.24163361,,,,312,0.8,6.284875912,-263,0.7,-50.155,,,,,,,,,,,,,,,,
CDR-22-23,23,5/25/2022,T0,11,1 cm olivine,5,porewater,syringe pulled,18.851,17:45:00,18:15:00,17.7,26.23,16.09,,,,,18:15:00,1123,2.5,898.8430591,101.5916333,0,5.5,0.1,3.428380815,,,,315,1,6.232321168,-204,0.7,8.845,,,,,,,,,,,,,,,,
CDR-22-24,24,5/25/2022,T0,11,1 cm olivine,15,porewater,syringe pulled,16.459,18:09:00,18:50:00,15,29.65,18.75,,,,,18:50:00,353,0.8,267.6719286,100.5529151,0,1.2,0.3,-2.24163361,,,,323,1,6.092175182,-244,1.1,-31.155,,,,,,,,,,,,,,,,
CDR-22-25,25,,,sample number not used,,,,,,,,,,,,,,,,,,,,,,,,,,,,,,,,,,,,,,,,,,,,,,,,
CDR-22-26,26,,,sample number not used,,,,,,,,,,,,,,,,,,,,,,,,,,,,,,,,,,,,,,,,,,,,,,,,
CDR-22-27,27,5/27/2022,T1,4,5 cm sand,5,porewater,syringe pulled,17.51,10:52:00,,19.6,22.49,13.66,,,,,16:45:00,23,1,-7.166449844,102.5736489,0,9,0.5,9.238097194,,,,280,0.1,6.691350127,-232,0.5,-21.165,,,,,,,,,,,,,,,,
CDR-22-28,28,5/27/2022,T1,4,5 cm sand,15,porewater,syringe pulled,16.4,11:17:00,,19.2,29.88,18.55,,,,,16:40:00,577,2,362.7267741,100.3974105,0,25,1,33.4691718,,,,287,0.5,6.562795752,-298,0.1,-87.165,,,,,,,,,,,,,,,,
CDR-22-29,29,5/27/2022,T1,5,1 cm olivine,5,porewater,syringe pulled,17.44,11:46:00,,19.8,25.52,15.6,,,,,17:15:00,4.5,0.3,-19.61049589,101.6893105,0,10,0.5,10.75253936,,,,266,0,6.948458878,-149,0,61.835,,,,,,,,,,,,,,,,
CDR-22-30,30,5/27/2022,T1,5,1 cm olivine,15,porewater,syringe pulled,16.13,12:22:00,,18.8,30.49,19,,,,,,,,,100.2183697,0,,,,,,,,,,,,,,,,,,,,,,,,,,,,
CDR-22-31,31,5/27/2022,T1,3,5 cm olivine,5,porewater,syringe pulled,17.22,13:13:00,14:20:00,24,28.42,17.62,,,,,14:20:00,1276,3.8,830.3795082,100.5352071,0,-1.5,0.5,-6.663545517,,,,271,0.1,6.856634324,-337,0.6,-126.165,,,,,,,,,,,,,,,,
CDR-22-32,32,5/27/2022,T1,3,5 cm olivine,15,porewater,syringe pulled,16.32,13:46:00,,23.5,32.9,20.72,,,,,,1712,54,1106.53351,99.16998966,0,14,0.6,16.81030801,,,,287,0.5,6.562795752,-354,0.4,-143.165,,,,,,,,,,,,,,,,
CDR-22-33,33,5/27/2022,T1,15,control,5,porewater,syringe pulled,17.53,14:07:00,14:40:00,24,27.8,17.1,,,,,14:40:00,27,0.4,-4.360878324,100.7691131,0,92,0.3,134.9367967,,,,281,0.3,6.672985216,-103,0.1,107.835,,,,,,,,,,,,,,,,
CDR-22-34,34,5/27/2022,T1,15,control,15,porewater,syringe pulled,15.92,14:26:00,14:50:00,23.3,29.72,18.43,,,,,14:50:00,743,1,472.6400653,100.2117648,0,14,0.2,16.81030801,,,,299,0.2,6.342416822,-310,0.2,-99.165,,,,,,,,,,,,,,,,
CDR-22-35,35,5/27/2022,T1,8,5 cm sand,5,porewater,syringe pulled,18.57,14:46:00,15:15:00,23.7,27.44,16.89,,,,,15:15:00,17,0.5,-11.07190788,100.8811086,0,18,0.8,22.86807666,,,,292,0.2,6.470971198,-207,0.2,3.835,,,,,,,,,,,,,,,,
CDR-22-36,36,5/27/2022,T1,8,5 cm sand,15,porewater,syringe pulled,16.28,15:06:00,16:15:00,22.2,31.26,19.52,,,,,16:15:00,506,1,313.4199931,99.78575115,0,8,0.3,7.723655031,,,,296,0.1,6.397511555,-311,0.1,-100.165,,,,,,,,,,,,,,,,
CDR-22-37,37,5/27/2022,T1,14,biochar,5,porewater,syringe pulled,19.33,15:26:00,16:05:00,23.2,26.87,16.49,,,,,16:05:00,355,2.5,216.0440556,101.0902588,0,8,0.8,7.723655031,,,,286,0.1,6.581160662,-323,0.3,-112.165,,,,,,,,,,,,,,,,
CDR-22-38,38,5/27/2022,T1,14,biochar,15,porewater,syringe pulled,16.34,15:51:00,16:30:00,22.8,28.28,17.5,,,,,16:30:00,640,0.6,405.8290933,100.6593192,0,7,0.3,6.209212868,,,,298,0.1,6.360781733,-325,0.3,-114.165,,,,,,,,,,,,,,,,
CDR-22-39,39,,,sample number not used,,,,,,,,,,,,,,,,,,,,,,,,,,,,,,,,210.835,,,,,,,,,,,,,,,,
CDR-22-40,40,,,sample number not used,,,,,,,,,,,,,,,,,,,,,,,,,,,,,,,,210.835,,,,,,,,,,,,,,,,
CDR-22-41,41,5/27/2022,T1,1,1 cm olivine,5,porewater,syringe pulled,16.98,10:00:00,10:26:00,20.3,29.633,18.37,,,,,16:35:00,632,0.3,399.5002851,100.4140886,0,6,0.3,4.694770705,,,,287,0.1,6.562795752,-330,0.1,-119.165,,,,,,,,,,,,,,,,
CDR-22-42,42,5/27/2022,T1,1,1 cm olivine,15,porewater,syringe pulled,16.077,10:29:00,10:38:00,18.6,32.836,20.6,,,,,16:50:00,1330,2.3,857.6359162,99.51034784,0,7.7,0.2,7.269322382,,,,288,0.1,6.544430841,-339,0.1,-128.165,,,,,,,,,,,,,,,,
CDR-22-43,43,5/27/2022,T1,7,5 cm sand,5,porewater,syringe pulled,16.463,10:47:00,,20.1,28.414,17.55,,,,,16:55:00,317,3,189.9506049,100.7946294,0,5,0.2,3.180328542,,,,290,0.1,6.507701019,-330,0.1,-119.165,,,,,,,,,,,,,,,,
CDR-22-44,44,5/27/2022,T1,7,5 cm sand,15,porewater,syringe pulled,15.566,11:05:00,11:19:00,18.9,34.138,21.4,,,,,17:10:00,1205,3,772.0087088,99.13295894,0,12,0.3,13.78142368,,,,285,0,6.599525573,-330,0,-119.165,,,,,,,,,,,,,,,,
CDR-22-45,45,5/27/2022,T1,2,control,5,porewater,syringe pulled,16.563,11:22:00,11:36:00,,27.98,17.26,,,,,17:00:00,258,1.5,152.365807,102.0998189,0,6,1,4.694770705,,,,269,0.1,6.893364146,-340,0.5,-129.165,,,,,,,,,,,,,,,,
CDR-22-46,46,5/27/2022,T1,2,control,15,porewater,syringe pulled,15.326,11:36:00,12:01:00,18.8,34.764,21.94,,,,,17:25:00,2550,5,1654.394376,98.895901,0,4.5,0.2,2.423107461,,,,272,0.2,6.838269413,-382,0.1,-171.165,,,,,,,,,,,,,,,,
CDR-22-47,47,5/27/2022,T1,6,biochar,5,porewater,syringe pulled,16.549,12:10:00,12:08:00,19.9,26.603,16.35,,,,,17:40:00,5.3,0.1,-19.00534152,101.3461015,0,17,0.2,21.3536345,,,,260,0.1,7.058648343,-148,0.1,62.835,,,,,,,5770.5,1165,2,20.2,3,2771.51,1.66,2,0.06,2
CDR-22-48,48,5/27/2022,T1,6,biochar,15,porewater,syringe pulled,15.481,12:34:00,12:44:00,18.6,33.653,21.15,,,,,17:20:00,1245,3,799.4154619,99.26294722,0,11,0.4,12.26698152,,,,280,0.3,6.691350127,-349,0.2,-138.165,,,,,,,,,,,,,,,,
CDR-22-49,49,5/27/2022,T1,11,1 cm olivine,5,porewater,syringe pulled,17.64,13:09:00,13:21:00,19.6,27.21,16.75,,,,,17:30:00,6,0.4,-18.50404698,101.1837073,0,6.5,0.5,5.451991786,,,,269,0,6.893364146,-228,0.2,-17.165,,,,,,,,,,,,,,,,
CDR-22-50,50,5/27/2022,T1,11,1 cm olivine,15,porewater,syringe pulled,16.67,13:30:00,14:14:00,24.4,30.94,18.97,,,,,14:14:00,252,0.7,145.1050333,99.90457305,0,-8,0.7,-16.50741958,,,,267,0.5,6.930093967,-215,0.9,-4.165,,,,,,,,,,,,,,,,
CDR-22-51,51,5/27/2022,T1,12,5 cm olivine,5,porewater,syringe pulled,18.826,13:47:00,,25.2,17.56,28.5,,,,,,231,1,125.469152,95.57103923,0,12.8,0.28,14.99297741,,,,281,0.2,6.672985216,-283,1.2,-72.165,,,,,,,,,,,,,,,,
CDR-22-52,52,5/27/2022,T1,12,5 cm olivine,15,porewater,syringe pulled,16.236,14:05:00,14:35:00,23.7,30,18.5,,,,,14:35:00,519,1.3,323.2411963,100.1568995,0,13,0.2,15.29586585,,,,297,0.4,6.379146644,-304,0.7,-93.165,,,,,,,,,,,,,,,,
CDR-22-53,53,5/27/2022,T1,10,biochar,5,porewater,syringe pulled,17.535,14:15:00,,24.9,27.8,17.1,,,,,,47,0.7,9.031880319,100.7165127,0,18,1.1,22.86807666,,,,274,0.3,6.801539592,170,0.4,380.835,,,,,,,,,,,,,,,,
CDR-22-54,54,5/27/2022,T1,10,biochar,15,porewater,syringe pulled,15.85,14:35:00,14:55:00,24.4,30.74,19.1,,,,,14:55:00,935,2.8,598.3531049,99.84609654,0,14,0.6,16.81030801,,,,287,0.2,6.562795752,-329,0.3,-118.165,,,,,,,,,,,,,,,,
CDR-22-55,55,5/27/2022,T1,13,control,5,porewater,syringe pulled,18.359,14:52:00,,23.7,27.44,16.89,,,,,,67,1,22.45900636,100.8811086,0,20.3,0.2,26.35129363,,,,297,0.2,6.379146644,-207,0.2,3.835,,,,,,,,,,,,,,,,
CDR-22-56,56,5/27/2022,T1,13,control,15,porewater,syringe pulled,15.771,15:06:00,15:40:00,22.2,28.32,17.47,,,,,15:40:00,867,2,557.9938277,100.7078807,0,6,0.3,4.694770705,,,,308,0.2,6.177132625,-310,0.3,-99.165,,,,,,,,,,,,,,,,
CDR-22-57,57,5/27/2022,T1,9,5 cm olivine,5,porewater,syringe pulled,17.439,15:22:00,16:00:00,23.1,27.98,17.33,,,,,16:00:00,317,0.4,189.806675,100.718255,0,6,0.2,4.694770705,,,,292,0.1,6.470971198,-308,0.4,-97.165,,,,,,,,,,,,,,,,
CDR-22-58,58,5/27/2022,T1,9,5 cm olivine,15,porewater,syringe pulled,16.144,15:44:00,16:25:00,22.7,31.14,19.42,,,,,16:25:00,886,0.7,565.5772772,99.80151065,0,7.5,0.1,6.966433949,,,,297,0.1,6.379146644,-323,0.1,-112.165,,,,,,,,,,,,,,,,
CDR-22-59,59,5/31/2022,T2,11,1 cm olivine,5,porewater,syringe pulled,21.048,11:20:00,12:05:00,29.7,30.91,17.38,6.44,,1.6,,12:05:00,100,0.5,45.31561671,100.3100279,0,3.8,0.5,0.988795065,5,0.1,-0.408981212,,,,-153,0.1,71.27,,,,,,,,,,,,,,,,
CDR-22-60,60,5/31/2022,T2,11,1 cm olivine,15,porewater,syringe pulled,19.268,11:47:00,12:10:00,23.2,28.66,17.64,6.32,,2.19,,12:10:00,28.5,0.2,5.672348681,100.5729666,0,3,1.5,-0.157633996,3.7,0.1,-0.761084242,,,,-264,0.3,-39.73,,,,,,,,,,,,,,,,
CDR-22-61,61,5/31/2022,T2,13,control,5,porewater,syringe pulled,20.608,12:17:00,,26,27.92,17.18,6.24,,2.6,,,328,0.8,172.3021778,100.6162378,0,6,0.2,4.141474983,4,0.1,-0.679829697,,,,-264,0.4,-39.73,,,,,,,,,,,,,,,,
CDR-22-62,62,5/31/2022,T2,13,control,15,porewater,syringe pulled,18.581,12:37:00,,23.6,27.44,16.95,6.38,,1.4,,,1297,0.4,713.1304168,100.8599639,0,32,2,41.40041947,3.8,0.1,-0.733999394,,,,-305,0.2,-80.73,,,,,,,,,,,,,,,,
CDR-22-63,63,5/31/2022,T2,12,5 cm olivine,5,porewater,syringe pulled,21.395,12:58:00,14:04:00,22.7,27.88,17.18,6.53,,1.39,,14:04:00,488,0.5,261.8193919,100.8091059,0,8.7,0.2,8.010673064,2.7,0.1,-1.031932727,,,,-304,0.3,-79.73,,,,,,,,,,,,,,,,
CDR-22-64,64,5/31/2022,T2,12,5 cm olivine,15,porewater,syringe pulled,19.105,13:22:00,13:55:00,21.4,28.25,17.44,6.46,,1.1,,13:55:00,701,0.8,380.3948198,100.7681312,0,7,0.2,5.574511309,2.5,0.1,-1.086102424,,,,-293,0.3,-68.73,,,,,,,,,,,,,,,,
CDR-22-65,65,5/31/2022,T2,1,1 cm olivine,5,porewater,syringe pulled,22.377,14:02:00,14:27:00,20.4,29.49,18.29,6.59,,0.74,,14:27:00,1271,0.4,695.7505474,100.4442297,0,13,0.8,14.17272927,2,1,-1.221526667,,,,-329,0.3,-104.73,,,,,,,,,,,,,,,,
CDR-22-66,66,5/31/2022,T2,1,1 cm olivine,15,porewater,syringe pulled,18.424,14:21:00,14:38:00,19.6,32.21,19.48,6.56,,0.75,,14:38:00,1960,1.8,1073.176576,99.95570058,0,11,0.3,11.30665661,2.2,0.1,-1.16735697,,,,-316,0.2,-91.73,,,,,,,,,,,,,,,,
CDR-22-67,67,5/31/2022,T2,7,5 cm sand,5,porewater,syringe pulled,20.952,14:39:00,,20.4,28.5,17.62,6.41,,0.82,,,758,3,412.0626302,100.7456086,0,10,0.2,9.873620288,1.9,0.1,-1.248611515,,,,-351,0.4,-126.73,,,,,,,,,,,,,,,,
CDR-22-68,68,5/31/2022,T2,2,control,5,porewater,syringe pulled,18.471,15:06:00,,18.5,25.47,15.16,6.86,,0.87,,,471,0.3,255.2322082,101.9632093,0,10.4,0.5,10.44683482,1.8,0.1,-1.275696364,,,,-308,0.2,-83.73,,,,,,,,,,,,,,,,
CDR-22-69,69,5/31/2022,T2,7,5 cm sand,15,porewater,syringe pulled,20.697,15:25:00,15:36:00,17.6,32.37,20.27,6.46,,1,,15:36:00,1640,3,894.1743814,99.71723308,0,12.5,0.5,13.4562111,1.8,0.1,-1.275696364,,,,-321,0.4,-96.73,,,,,,,,,,,,,,,,
CDR-22-70,70,5/31/2022,T2,2,control,15,porewater,syringe pulled,17.818,15:49:00,16:29:00,17.3,31.98,20.06,6.71,,1.31,,16:29:00,2878,0.2,1578.554852,99.82922859,0,11,0.1,11.30665661,1.5,0.1,-1.356950909,,,,-342,0.2,-117.73,,,,,,,,,,,,,,,,
CDR-22-71,71,5/31/2022,T2,15,control,5,porewater,syringe pulled,21.18,11:01:00,12:00:00,28.9,30.89,17.82,6.47,,1.4,,12:00:00,58,,21.98676734,100.1588633,0,44,0.2,58.59685538,4,0.2,-0.679829697,,,,-102,0.2,122.27,,,,,,,,,,,,,,,,
CDR-22-72,72,5/31/2022,T2,15,control,15,porewater,syringe pulled,18.733,11:48:00,12:15:00,24.4,28.82,17.79,6.34,,3,,12:15:00,1290,2,706.2407912,100.4353598,0,1,1,-3.023706648,4.3,0.1,-0.598575152,,,,-278,0.4,-53.73,,,,,,,,,,,,,,,,
CDR-22-73,73,5/31/2022,T2,8,5 cm sand,5,porewater,syringe pulled,21.12,12:08:00,12:25:00,24.3,28.81,17.78,6.75,,1.92,,12:25:00,104,0.2,47.59854412,100.4457025,0,9,0.2,8.440583962,3.6,0.1,-0.788169091,,,,-113,0.1,111.27,,,,,,,,,,,,,,,,
CDR-22-74,74,5/31/2022,T2,8,5 cm sand,15,porewater,syringe pulled,18.885,12:26:00,,25.7,30,18.57,6.37,,1.62,,,1020,4,553.9316391,100.0085224,0,9.8,0.2,9.587013023,4,0.1,-0.679829697,,,,-302,0.3,-77.73,,,,,,,,,,,,,,,,
CDR-22-75,75,5/31/2022,T2,9,5 cm olivine,15,porewater,syringe pulled,20.726,13:08:00,14:11:00,21.4,29.7,18.42,6.4,,0.75,,14:11:00,1444,0.3,790.9131513,100.3273083,0,7.4,0.2,6.14772584,2,0.1,-1.221526667,,,,-311,0.3,-86.73,,,,,,,,,,,,,,,,
CDR-22-76,76,5/31/2022,T2,9,5 cm olivine,5,porewater,syringe pulled,18.242,12:43:00,13:10:00,23.5,27.5,16.92,6.42,,0.51,,13:10:00,550,3.5,296.5857086,100.879303,0,7.5,0.2,6.291029472,3.8,0.1,-0.733999394,,,,-360,0.3,-135.73,,,,,,,,,,,,,,,,
CDR-22-77,77,5/31/2022,T2,4,5 cm sand,5,porewater,syringe pulled,21.063,13:58:00,14:20:00,21.5,25.69,16.72,6.52,,1.95,,14:20:00,167,0.4,83.11590537,101.0861566,0,8,0.2,7.007547635,1.4,0.2,-1.384035758,,,,-313,0.5,-88.73,,,,,,,,,,,,,,,,
CDR-22-78,78,5/31/2022,T2,4,5 cm sand,15,porewater,syringe pulled,18.56,14:20:00,14:43:00,19,19,15.72,6.49,,1.75,,14:43:00,895,0.4,492.9205785,101.6820881,0,13,0.4,14.17272927,2.4,0.1,-1.113187273,,,,-301,0.2,-76.73,,,,,,,,,,,,,,,,
CDR-22-79,79,5/31/2022,T2,5,1 cm olivine,5,porewater,syringe pulled,22.818,14:35:00,14:50:00,19.4,19.4,15.6,6.3,,1.22,,14:50:00,311,1.5,164.6187664,101.7126884,0,11,0.2,11.30665661,2.1,0.1,-1.194441818,,,,-273,0.2,-48.73,,,,,,,,,,,,,,,,
CDR-22-80,80,5/31/2022,T2,5,1 cm olivine,15,porewater,syringe pulled,18.914,14:49:00,15:15:00,18.1,27.5,16.96,6.21,,1.52,,15:15:00,484,0.7,260.5368436,101.1769125,0,11.5,0.2,12.02317478,1.7,0.1,-1.302781212,,,,-276,0.2,-51.73,,,,,,,,,,,,,,,,
CDR-22-81,81,5/31/2022,T2,3,5 cm olivine,5,porewater,syringe pulled,20.935,15:06:00,15:30:00,18.6,28.73,17.78,6.71,,0.89,,15:30:00,2034,1,1123.250784,100.7788383,0,13.8,0.6,15.31915833,1.7,0,-1.302781212,,,,-332,0.1,-107.73,,,,,,,,,,,,,,,,
CDR-22-82,82,5/31/2022,T2,3,5 cm olivine,15,porewater,syringe pulled,18.806,15:24:00,15:58:00,17.7,31.9,19.95,6.66,,1.3,,15:58:00,2701,4.1,1481.23802,99.85533077,0,11,0.4,11.30665661,1.5,0.1,-1.356950909,,,,-347,0.8,-122.73,,,,,,,,,,,,,,,,
CDR-22-83,83,6/21/2022,T3,9,5 cm olivine,5,porewater,syringe pulled,17.901,10:42:00,11:29:00,23.8,33.46,20.95,6.48,,0.25,,11:29:00,2250,10,656.1029303,96.32537729,0,15,0.4,22.27622818,,,,155,0.2,6.589057452,-359,0.4,-131.795,,,,,,,,,,,,,,,,
CDR-22-84,84,6/21/2022,T3,13,control,5,porewater,syringe pulled,17.339,10:58:00,11:18:00,25.1,30.81,19.13,6.05,,1.11,,11:18:00,1258,2,366.3356353,97.04764773,0,-22,,-38.64176463,,,,178,0.1,6.188837041,-308,0.2,-80.795,,,,,,,,,,,,,,,,
CDR-22-85,85,6/21/2022,T3,13,control,15,porewater,syringe pulled,17.869,11:15:00,11:37:00,23.3,29.09,17.9,6.24,,0.6,,11:37:00,2790,7,826.857066,97.68801959,0,36,0.7,56.85130518,,,,167,0.2,6.380246803,-328,0.2,-100.795,,,,,,,,,,,,,,,,
CDR-22-86,86,6/21/2022,T3,14,biochar,5,porewater,syringe pulled,17.741,11:32:00,11:44:00,24,31.82,19.83,6.38,,0.6,,11:44:00,1861,2.2,544.0951741,96.80395407,0,19,0.5,28.86195714,,,,161,0.1,6.484652127,-340,0.4,-112.795,,,,,,,,,,,,,,,,
CDR-22-87,87,6/21/2022,T3,14,biochar,15,porewater,syringe pulled,17.849,11:44:00,11:55:00,23.3,29.334,18.14,6.32,,0.75,,11:55:00,2370,1.5,700.5134828,97.58303152,0,23,0.4,35.44768609,,,,163,0.3,6.449850352,-332,0.2,-104.795,,,,,,,,,,,,,,,,
CDR-22-88,88,6/21/2022,T3,8,5 cm sand,5,porewater,syringe pulled,17.827,12:00:00,12:12:00,25.4,34.667,21.77,6.3,,0.45,,12:12:00,415,1.5,114.5114639,95.87572761,0,5,,5.811905801,,,,166,0.2,6.39764769,-277,0.2,-49.795,,,,,,,,,,,,,,,,
CDR-22-89,89,6/21/2022,T3,8,5 cm sand,15,porewater,syringe pulled,17.777,12:15:00,12:21:00,25.3,35.91,22.63,6.26,,0.4,,12:21:00,1850,18,533.5796735,95.50520413,0,20,0.5,30.50838937,,,,171,0.4,6.310643253,-320,0.1,-92.795,,,,,,,,,,,,,,,,
CDR-22-90,90,6/21/2022,T3,15,control,5,porewater,syringe pulled,20.79,12:25:00,12:34:00,26.2,29.98,18.53,6.1,,1.35,,12:34:00,635,5,181.6385896,97.24759637,0,16.5,0.2,24.74587654,,,,179,1,6.171436153,-260,0.1,-32.795,,,,,,,,,,,,,,,,
CDR-22-91,91,6/21/2022,T3,15,control,15,porewater,syringe pulled,17.994,12:36:00,12:50:00,25.4,30.85,19.14,6.23,,0.44,,12:50:00,3050,50,898.4748729,97.0262219,0,27,0.3,42.03341504,,,,174,0.4,6.25844059,-328,0.1,-100.795,,,,,,,,,,,,,,,,
CDR-22-92,92,6/21/2022,T3,4,5 cm sand,5,porewater,syringe pulled,23.22,13:40:00,13:52:00,24.2,33.77,21.87,6.28,,1,,13:52:00,1190,2,342.0427315,95.90018791,0,15,1,22.27622818,,,,166,0.5,6.39764769,-321,0.3,-93.795,,,,,,,,,,,,,,,,
CDR-22-93,93,6/21/2022,T3,4,5 cm sand,15,porewater,syringe pulled,18.337,13:55:00,14:10:00,21.1,32.705,20.46,6.17,,1,,14:10:00,1960,9,572.7744779,96.69318992,0,20,0.5,30.50838937,,,,167,0.1,6.380246803,-316,0.1,-88.795,,,,,,,,,,,,,,,,
CDR-22-94,94,6/21/2022,T3,5,1 cm olivine,5,porewater,syringe pulled,21.492,14:05:00,14:17:00,21.6,32.04,20,6.19,,1.45,,14:17:00,1250,4,363.2778851,96.86599817,0,15,0.6,22.27622818,,,,168,0.2,6.362845915,-302,0.4,-74.795,,,,,,,,,,,,,,,,
CDR-22-95,95,6/21/2022,T3,5,1 cm olivine,15,porewater,syringe pulled,18.65,14:15:00,14:28:00,20.6,34.881,21.29,6.12,,0.7,,14:28:00,1410,3,408.5673431,96.35852505,0,19,0.3,28.86195714,,,,170,0.3,6.32804414,-289,0.2,-61.795,,,,,,,,,,,,,,,,
CDR-22-96,96,6/21/2022,T3,3,5 cm olivine,5,porewater,syringe pulled,23.015,14:40:00,14:45:00,21.7,33.318,20.89,6.67,,0.14,,14:45:00,4750,50,1395.340314,96.47098362,0,13,0.4,18.98336371,,,,138,1,6.884872538,-386,0.5,-158.795,,,,,,,,,,,,,,,,
CDR-22-97,97,6/21/2022,T3,3,5 cm olivine,15,porewater,syringe pulled,18.326,14:45:00,15:25:00,19.7,13.002,7.52,6.61,,0.71,,15:25:00,5290,1.6,1650.895815,102.4333697,0,23,0.4,35.44768609,,,,142,0.23,6.815268989,-358,0.2,-130.795,,,,,,,,,,,,,,,,
CDR-22-98,98,6/21/2022,T3,6,biochar,5,porewater,syringe pulled,21.488,14:59:00,15:07:00,22.2,27.51,16.89,6.59,,3.08,,15:07:00,150,0.5,37.62803359,98.19236594,0,41,0.2,65.08346638,,,,143,0.14,6.797868101,-231,0.3,-3.795,,,,,,,,,,,,,,,,
CDR-22-99,99,6/21/2022,T3,9,5 cm olivine,15,porewater,syringe pulled,18.207,11:25:00,12:05:00,24.8,32.009,19.95,6.36,,0.7,,12:05:00,3830,5,1126.403212,96.70598982,0,20,0.5,30.50838937,,,,160,0.6,6.502053015,-345,0.2,-117.795,,,,,,,,,,,,,,,,
CDR-22-100,100,6/21/2022,T3,11,1 cm olivine,15,porewater,syringe pulled,18.165,12:12:00,12:43:00,25.1,36.911,23.34,6.18,,1.37,,12:43:00,1630,20,467.7942092,95.20598197,0,23,0.4,35.44768609,,,,175,0.1,6.241039703,-295,0.2,-67.795,,,,,,,,,,,,,,,,
CDR-22-101,101,6/21/2022,T3,1,1 cm olivine,5,porewater,syringe pulled,20.653,13:42:00,14:04:00,23.4,34.625,21.76,6.53,,0.55,,14:04:00,4950,6,1447.205589,95.99377765,0,18,0.7,27.2155249,,,,149,2,6.693462777,-376,0.2,-148.795,,,,,,,,,,,,,,,,
CDR-22-102,102,6/21/2022,T3,1,1 cm olivine,15,porewater,syringe pulled,18.177,14:12:00,14:36:00,20.7,32.85,20.58,6.48,,0.41,,14:36:00,4530,6.5,1333.028629,96.66343099,0,13,0.4,18.98336371,,,,148,0.2,6.710863664,-358,0.2,-130.795,,,,,,,,,,,,,,,,
CDR-22-103,103,6/21/2022,T3,7,5 cm sand,5,porewater,syringe pulled,24.177,14:40:00,15:53:00,19.5,34.551,21.73,6.37,,1.02,,15:53:00,3808,1.8,1114.362111,96.22856847,0,18,0.4,27.2155249,,,,152,0.7,6.641260114,-347,0.4,-119.795,,,,,,,,,,,,,,,,
CDR-22-104,104,6/21/2022,T3,7,5 cm sand,15,porewater,syringe pulled,18.787,15:12:00,15:17:00,20.8,34.159,21.47,6.4,,0.68,,15:17:00,3833,3.6,1122.190519,96.26841644,0,20,0.5,30.50838937,,,,153,0.1,6.623859227,-353,0.2,-125.795,,,,,,,,,,,,,,,,
CDR-22-105,105,6/21/2022,T3,6,biochar,15,porewater,syringe pulled,18.12,15:15:00,15:37:00,19.4,35.581,22.48,6.43,,0.79,,15:37:00,1771,0.4,512.6278289,95.90616452,0,12,0.2,17.33693147,,,,149,0.3,6.693462777,-335,0.2,-107.795,,,,,,,,,,,,,,,,
CDR-22-106,106,6/21/2022,T3,2,control,5,porewater,syringe pulled,22.666,15:30:00,15:44:00,21.2,30.197,18.7,6.6,,1.29,,15:44:00,1533,0.3,449.9198147,97.45741867,0,15,0.2,22.27622818,,,,141,0.1,6.832669876,-343,0.3,-115.795,,,,,,,,,,,,,,,,
CDR-22-107,107,6/21/2022,T3,2,control,15,porewater,syringe pulled,17.952,15:40:00,16:01:00,19.3,14.993,8.77,6.62,,0.5,,16:01:00,4898,4.3,1520.166954,101.9092919,0,16,0.3,23.92266042,,,,138,0.4,6.884872538,-377,0.2,-149.795,,,,,,,,,,,,,,,,
CDR-22-108,108,6/21/2022,T3,11,1 cm olivine,5,porewater,syringe pulled,21.194,16:10:00,16:14:00,20,36.788,23.32,6.2,,1.42,,16:14:00,1131,1.1,323.3837505,95.5046036,0,13,0.2,18.98336371,,,,161,0.2,6.484652127,-296,25,-68.795,,,,,,,,,,,,,,,,
CDR-22-109,109,6/21/2022,T3,12,5 cm olivine,5,porewater,syringe pulled,20.892,16:20:00,16:37:00,20.6,34.154,21.4,6.51,,1.66,,16:37:00,74,1.1,14.50154228,96.31040552,0,9,0.2,12.39763475,,,,143,0.1,6.797868101,-210,0.1,17.205,,,,,,,,,,,,,,,,
CDR-22-110,110,6/21/2022,T3,12,5 cm olivine,15,porewater,syringe pulled,18.4,16:37:00,16:55:00,18.9,32.555,20.38,6.47,,1.2,,16:55:00,2103,4.3,616.1174571,96.85322903,0,31,0.5,48.61914399,,,,144,0.1,6.780467214,-326,0.2,-98.795,,,,,,,,,,,,,,,,
CDR-22-111,111,6/21/2022,T3,10,biochar,5,porewater,syringe pulled,20.33,16:57:00,17:09:00,19.4,33.02,20.7,6.13,,1.45,,17:09:00,1980,1,578.6439899,96.68482605,0,22,0.3,33.80125385,,,,165,0.3,6.415048577,-316,0,-88.795,,,,,,,,,,,,,,,,
CDR-22-112,112,6/21/2022,T3,10,biochar,15,porewater,syringe pulled,18.392,17:10:00,17:20:00,18.5,32.019,20.01,6.29,,1.95,,17:20:00,2292,0.8,673.4310105,97.03782075,0,27,0.5,42.03341504,,,,150,0.4,6.676061889,-316,0.1,-88.795,,,,,,,,,,,,,,,,
CDR-22-113,113,6/27/2022,T3,4,5 cm sand,"3 (into sand, not from native surface)",porewater,syringe pulled,21.9,13:07:00,,21.9,33.854,21.28,,,,,,,,,,,,,,,,,,,,,,,,,,,,,,,,,,,,,,
CDR-22-114,114,6/27/2022,T3,3,5 cm olivine,"3 (into sand, not from native surface)",porewater,syringe pulled,22.1,13:37:00,13:37:00,22.1,36.475,23.14,,,,,,,,,,,,,,,,,,,,,,,,,,,,,,,,,,,,,,
CDR-22-115,115,6/27/2022,T3,7,5 cm sand,"2 (into sand, not from native surface)",porewater,syringe pulled,21.6,13:45:00,13:45:00,21.6,34.583,21.86,,,,,,,,,,,,,,,,,,,,,,,,,,,,,,,,,,,,,,
CDR-22-116,116,6/27/2022,T3,8,5 cm sand,"2 (into sand, not from native surface)",porewater,syringe pulled,21.1,14:06:00,14:06:00,21.1,32.65,20.46,,,,,,,,,,,,,,,,,,,,,,,,,,,,,,,,,,,,,,
CDR-22-117,117,6/27/2022,T3,9,5 cm olivine,"2 (into sand, not from native surface)",porewater,syringe pulled,21.5,14:12:00,14:12:00,21.5,36.562,23.14,,,,,,,,,,,,,,,,,,,,,,,,,,,,,,,,,,,,,,
CDR-22-118,118,6/27/2022,T3,12,5 cm olivine,"3 (into sand, not from native surface)",porewater,syringe pulled,21.5,14:25:00,14:25:00,21.5,37.42,23.77,,,,,,,,,,,,,,,,,,,,,,,,,,,,,,,,,,,,,,
CDR-22-119,119,7/20/2022,T4,5,1 cm olivine,5,porewater,syringe pulled,27.855,12:25:00,13:10:00,30.3,36.77,23.12,6.81,,0.9,,13:10:00,155,0.5,70.52797539,98.36759529,0,2,0.3,-6.5331973,8.3,0.1,-1.811453798,89.2,0.1,6.373329866,,,,1/20/2023,0,8.21,1/23/2023,11000,1520,,,,,,,,,,
CDR-22-120,120,7/20/2022,T4,5,1 cm olivine,15,porewater,syringe pulled,24.298,13:00:00,13:30:00,29,37.46,23.63,6.55,,0.6,,13:30:00,995,0.7,464.9666392,98.44148439,0,25,0.6,32.09496154,8,0.1,-1.901129728,96.1,0.1,6.253714715,,,,1/20/2023,2.51,21.86,1/23/2023,11500,1520,,,,,,,,,,
CDR-22-121,121,7/20/2022,T4,6,biochar,5,porewater,syringe pulled,26.911,13:35:00,13:51:00,30.3,38.44,24.31,6.33,,0.3,,13:51:00,1830,0.5,856.3615334,98.36759529,0,22,0.4,27.05650604,8,0.1,-1.901129728,110,0.1,6.01275086,,,,1/20/2023,5.75,38.48,1/23/2023,12500,1580,,,,,,,,,,
CDR-22-122,122,7/20/2022,T4,6,biochar,15,porewater,syringe pulled,23.665,13:55:00,14:13:00,29.6,36.92,23.26,6.4,,0.23,,14:13:00,4350,8,2039.455087,98.40738173,0,20,0.4,23.69753571,7.7,0.1,-1.990805659,103.6,0,6.123698246,,,,1/20/2023,12.92,215.45,1/23/2023,11000,1200,,,,,,,,,,
CDR-22-123,123,7/20/2022,T4,15,control,5,porewater,syringe pulled,27.8,14:25:00,15:11:00,31.8,37.47,23.57,6.44,,0.5,,15:11:00,1090,2,508.7459846,98.28233863,0,15,0.2,15.30010987,8.6,0.1,-1.721777867,104,0,6.116764035,,,,1/20/2023,1.94,9.24,1/23/2023,12200,1510,,,,,,,,,,
CDR-22-124,124,7/20/2022,T4,15,control,15,porewater,syringe pulled,23.809,15:15:00,15:47:00,31.2,33.2,20.6,6.36,,0.28,,15:47:00,3195,0.7,1495.978882,98.31644129,0,24,0.4,30.41547638,24,0.4,2.881586569,109.2,0,6.026619283,,,,1/20/2023,6.41,48.28,1/23/2023,10600,1160,,,,,,,,,,
CDR-22-125,125,7/20/2022,T4,14,biochar,5,porewater,syringe pulled,28.582,15:40:00,16:11:00,31.8,37.61,23.7,6.46,,0.45,,16:11:00,605,0.7,281.4033307,98.28233863,0,19,0.3,22.01805054,8.3,0.1,-1.811453798,102.3,0,6.146234434,,,,1/20/2023,3.73,12.68,1/23/2023,11900,1550,,,,,,,,,,
CDR-22-126,126,7/20/2022,T4,14,biochar,15,porewater,syringe pulled,24.114,16:15:00,16:45:00,33.3,39.27,24.78,6.36,,0.25,,16:45:00,2182,0.3,1019.733164,98.19708198,0,20,0.3,23.69753571,9.3,0.1,-1.512534029,111.4,0,5.988481119,,,,1/20/2023,2.72,14.34,1/23/2023,11900,1410,,,,,,,,,,
CDR-22-127,127,7/21/2022,T4,7,5 cm sand,5,porewater,syringe pulled,27.281,13:26:00,13:51:00,28.8,37,23.33,6.46,,0,,13:51:00,5000,3,2452.476405,98.45285194,0,,,,8.1,0.1,-1.128783568,104,0.1,6.4837939,,,,1/20/2023,10.64,151.05,1/23/2023,10500,1030,,,,,,,,,,
CDR-22-128,128,7/21/2022,T4,7,5 cm sand,15,porewater,syringe pulled,24.272,13:50:00,14:26:00,27.7,36.86,23.26,6.41,,0,,14:26:00,4110,9,2016.668224,98.51537349,0,,,,7.7,0.1,-1.255613182,105.5,0.1,6.45780037,,,,1/20/2023,10.44,141.1,1/23/2023,11500,1240,,,,,,,,,,
CDR-22-129,129,7/21/2022,T4,8,5 cm sand,5,porewater,syringe pulled,28.433,14:35:00,14:56:00,29.4,19.36,11.42,6.45,,0,,14:56:00,5320,5,2608.727714,98.41874928,0,,,,8,0.1,-1.160490972,103.7,0,6.488992606,,,,1/20/2023,12.3,57.56,1/23/2023,13200,925,,,,,,,,,,
CDR-22-130,130,7/21/2022,T4,8,5 cm sand,15,porewater,syringe pulled,23.935,15:08:00,15:21:00,28.4,18.9,10.84,6.41,,0.1,,15:21:00,6134,6,3010.090257,98.47558705,0,,,,7.5,0.1,-1.31902799,106.8,0,6.435272643,,,,1/20/2023,9.83,93.25,1/23/2023,12200,925,,,,,,,,,,
CDR-22-131,131,7/21/2022,T4,9,5 cm olivine,5,porewater,syringe pulled,26.201,15:25:00,15:36:00,28.8,42.2,26.99,6.6,,0,,15:36:00,2950,7,1445.700595,98.45285194,0,,,,7.5,0.1,-1.31902799,95.5,0,6.631090573,,,,1/20/2023,9.9,16.69,1/23/2023,13700,1110,,,,,,,,,,
CDR-22-132,132,7/21/2022,T4,9,5 cm olivine,15,porewater,syringe pulled,23.811,15:38:00,15:50:00,28.6,42.02,26.87,6.59,,0,,15:50:00,3220,4,1578.48257,98.4642195,0,,,,7.3,0.1,-1.382442797,94.5,0,6.648419593,,,,1/20/2023,9.04,22.55,1/23/2023,13600,1030,,,,,,,,,,
CDR-22-133,133,7/21/2022,T4,12,5 cm olivine,15,porewater,syringe pulled,24.309,14:51:00,15:05:00,27.9,36.87,23.25,6.34,,0,,15:05:00,3450,9,1692.134411,98.50400594,0,,,,7.5,0.1,-1.31902799,111.6,1,6.352093346,,,,1/20/2023,5.21,27.43,1/23/2023,11200,1150,,,,,,,,,,
CDR-22-134,134,7/21/2022,T4,4,5 cm sand,5,porewater,syringe pulled,27.354,12:54:00,13:17:00,29.4,39.47,25.03,6.35,,0.1,,13:17:00,3066,0.6,1502.14887,98.41874928,0,,,,8.5,0,-1.001953954,108.4,0,6.407546211,,,,1/20/2023,9.13,9.54,1/23/2023,12600,1320,,,,,,,,,,
CDR-22-135,135,7/20/2022,T4,1,1 cm olivine,5,porewater,syringe pulled,28.297,12:36:00,13:00:00,30.4,38.34,24.14,6.41,,0.5,,13:00:00,2185,0.8,1022.852227,98.36191151,0,20,0.3,23.69753571,8.4,0.1,-1.781561821,103.5,0.1,6.125431799,,,,1/20/2023,4.36,53.86,1/23/2023,12000,1470,,,,,,,,,,
CDR-22-136,136,7/20/2022,T4,1,1 cm olivine,15,porewater,syringe pulled,23.603,13:00:00,13:19:00,29.2,35.7,22.4,6.4,,0.3,,13:19:00,4630,1,2171.372978,98.43011683,0,18,0.3,20.33856537,7.8,0.1,-1.960913682,103.6,0,6.123698246,,,,1/20/2023,15.88,210.28,1/23/2023,10600,1110,,,,,,,,,,
CDR-22-137,137,7/20/2022,T4,2,control,5,porewater,syringe pulled,30.234,13:16:00,13:37:00,30.3,37.28,23.47,6.53,,0.3,,13:37:00,3760,1,1761.829454,98.36759529,0,15,0.4,15.30010987,8.4,0.1,-1.781561821,96.3,0,6.250247609,,,,1/20/2023,17.64,292.65,1/23/2023,10700,1010,,,,,,,,,,
CDR-22-138,138,7/20/2022,T4,2,control,15,porewater,syringe pulled,26.753,13:35:00,14:02:00,29.7,35.1,21.98,6.48,,0.5,,14:02:00,5000,,2344.393351,98.40169795,0,23,0.5,28.73599121,7.5,0.1,-2.050589612,98.6,0.1,6.210375892,,,,1/20/2023,19.54,397.44,1/23/2023,10000,779,,,,,,,,,,
CDR-22-139,139,7/20/2022,T4,11,1 cm olivine,5,porewater,syringe pulled,27.215,14:10:00,14:32:00,32.5,39.38,24.85,6.3,,0.88,,14:32:00,142.5,0.3,64.58134673,98.24255219,0,3,1,-4.853712133,8.5,0.1,-1.751669844,114.4,0,5.936474531,,,,1/20/2023,,3.82,1/23/2023,12000,1520,,,,,,,,,,
CDR-22-140,140,7/20/2022,T4,11,1 cm olivine,15,porewater,syringe pulled,23.712,14:30:00,14:49:00,30.3,38.36,25.2,6.19,,0.4,,14:49:00,1895,1,886.856567,98.36759529,0,25,0.6,32.09496154,8,0.1,-1.901129728,117.5,0,5.882734391,,,,1/20/2023,2.57,8.06,1/23/2023,12100,1390,,,,,,,,,,
CDR-22-141,141,7/20/2022,T4,10,biochar,5,porewater,syringe pulled,27.562,14:55:00,15:20:00,31.7,39.58,25.03,6.21,,0.95,,15:20:00,394,0.2,182.5081116,98.28802241,0,2,,-6.5331973,8.3,0.1,-1.811453798,118.1,0,5.872333073,,,,1/20/2023,,5.33,1/23/2023,12800,1520,,,,,,,,,,
CDR-22-142,142,7/20/2022,T4,10,biochar,15,porewater,syringe pulled,23.4,15:06:00,15:27:00,31.6,39.07,24.67,6.19,,0.8,,15:27:00,524,0.6,243.46292,98.29370619,0,20,0.4,23.69753571,8.3,0.1,-1.811453798,118.8,0.2,5.860198203,,,,1/20/2023,,5.69,1/23/2023,12900,1540,,,,,,,,,,
CDR-22-143,143,7/20/2022,T4,13,control,5,porewater,syringe pulled,28.8,15:30:00,15:56:00,31.5,36.92,23.16,6.23,,0.35,,15:56:00,3060,0.7,1432.427506,98.29938996,0,25,0.3,32.09496154,8.4,0.1,-1.781561821,115.1,0,5.924339661,,,,1/20/2023,3,8.4,1/23/2023,11700,1170,,,,,,,,,,
CDR-22-144,144,7/20/2022,T4,13,control,15,porewater,syringe pulled,24.03,15:50:00,16:04:00,29.7,33.27,20.71,6.15,,0.45,,16:04:00,3520,7,1649.804173,98.40169795,0,24,,30.41547638,7.6,0.1,-2.020697636,119.7,0.1,5.844596227,,,,1/20/2023,4.86,20.1,1/23/2023,10100,1070,,,,,,,,,,
CDR-22-145,145,7/21/2022,T4,3,5 cm olivine,5,porewater,syringe pulled,26.18,13:37:00,13:08:00,28.5,19.7,11,6.59,,0,,13:08:00,7560,8,3710.360888,98.46990327,0,,,,8.1,0.1,-1.128783568,98.5,0.1,6.579103512,,,,1/20/2023,26.16,456.11,1/23/2023,10900,686,,,,,,,,,,
CDR-22-146,146,7/21/2022,T4,4,5 cm sand,15,porewater,syringe pulled,24.858,13:18:00,13:33:00,28.1,38.76,24.57,6.32,,0,,13:33:00,2697,0.5,1321.983747,98.49263838,0,,,,7.8,0.1,-1.223905779,112.5,0,6.336497227,,,,1/20/2023,3.84,20.94,1/23/2023,12400,1520,,,,,,,,,,
CDR-22-147,147,7/21/2022,T4,3,5 cm olivine,15,porewater,syringe pulled,24.47,13:56:00,14:11:00,28.1,17.86,10.5,6.58,,0,,14:11:00,6180,5,3033.211659,98.49263838,0,,,,7.9,0.1,-1.192198375,97.2,0.1,6.601631238,,,,1/20/2023,23.71,388.52,1/23/2023,11100,813,,,,,,,,,,
CDR-22-148,148,7/21/2022,T4,12,5 cm olivine,5,porewater,syringe pulled,26.12,14:25:00,14:50:00,28.5,40.05,25.48,6.48,,0,,14:50:00,2493,2,1221.474771,98.49263838,0,,,,7.5,0.1,-1.31902799,101.5,0.1,6.527116451,,,,1/20/2023,6.25,11.75,1/23/2023,13000,1240,,,,,,,,,,
CDR-22-149,149,7/21/2022,T4,12,5 cm olivine,"2 (into sand, not from native surface)",porewater,syringe pulled,24.593,8:37:00,8:37:00,26.7,35.025,22,7.1,43.4,3.06,-151.4,,,,,,,,,,,,,,,,,,,,,,,,,,,,,,,,,,
CDR-22-150,150,7/21/2022,T4,9,5 cm olivine,"2 (into sand, not from native surface)",porewater,syringe pulled,25.385,8:49:00,8:49:00,26.5,32.541,20.28,7.4,12.1,0.83,-272.7,,,,,,,,,,,,,,,,,,,,,,,,,,,,,,,,,,
CDR-22-151,151,7/21/2022,T4,8,5 cm sand,"2 (into sand, not from native surface)",porewater,syringe pulled,25.41,9:08:00,9:08:00,26.3,35.968,22.66,6.63,26.5,1.76,-229.3,,,,,,,,,,,,,,,,,,,,,,,,,,,,,,,,,,
CDR-22-152,152,7/21/2022,T4,7,5 cm sand,"2 (into sand, not from native surface)",porewater,syringe pulled,25.79,9:27:00,9:27:00,26.9,33.765,21.12,6.79,43.8,3.04,-234.7,,,,,,,,,,,,,,,,,,,,,,,,,,,,,,,,,,
CDR-22-153,153,7/21/2022,T4,3,5 cm olivine,"2 (into sand, not from native surface)",porewater,syringe pulled,26.144,10:10:00,10:10:00,27.4,39.348,25,7.16,9.1,0.53,-382.5,,,,,,,,,,,,,,,,,,,,,,,,,,,,,,,,,,
CDR-22-154,154,7/21/2022,T4,4,5 cm sand,"2 (into sand, not from native surface)",porewater,syringe pulled,,10:33:00,12:10:00,29.9,39.691,25.19,6.62,2.6,0.14,-330.2,,,,,,,,,,,,,,,,,,,,,,,,,,,,,,,,,,
CDR-22-155,155,8/29/2022,T5,12,5 cm olivine,5,porewater,syringe pulled,21.182,10:13:00,,24.8,25.35,15.34,6.76,,0.26,,,2715,,1412.379776,98.7226357,0,,,,25.62,,-1.072079067,191.23,,6.5032399,-285.99,,-121.23,1/20/2023,21.43,22.24,1/23/2023,11300,1060,15994.9,5.1,2,0.03,2,14720.83,31.55,2,0.21,2
CDR-22-156,156,8/29/2022,T5,12,5 cm olivine,15,porewater,syringe pulled,21.853,10:28:00,,24.8,33.56,20.72,6.5,,0.16,,,3566,,1815.770696,96.36915309,0,,,,22.99,,-1.950449144,203.56,,6.280173415,-276.48,,-111.72,1/20/2023,8.82,18.4,1/23/2023,11500,1140,2682.3,1.3,2,0.05,2,10898.37,,1,,3
CDR-22-157,157,8/29/2022,T5,10,biochar,5,porewater,syringe pulled,21.661,10:43:00,,24.9,21.71,13.06,6.4,,0.1,,,1508,,785.1521051,99.71433861,0,,,,20.83,,-2.671848143,213.6,,6.098536147,-242.59,,-77.83,1/20/2023,5.68,12.81,1/23/2023,11400,1340,6157.8,2.4,3,0.04,2,5045.59,16.19,2,0.32,2
CDR-22-158,158,8/29/2022,T5,10,biochar,15,porewater,syringe pulled,21.95,10:52:00,,25,39.74,25.33,6.49,,0.04,,,4730,,2362.792043,94.34113965,0,,,,18.93,,-3.306412077,203.66,,6.278364279,-292.53,,-127.77,1/20/2023,8.05,35.09,1/23/2023,12100,1050,13363.9,5.7,2,0.04,2,16321.69,24.12,2,0.15,2
CDR-22-159,159,8/29/2022,T5,9,5 cm olivine,5,porewater,syringe pulled,21.62,11:05:00,,25.3,37.2,23.54,6.84,,0.05,,,4655,,2343.961812,95.10712436,0,,,,18.15,,-3.566917271,182.46,,6.66190114,-307.73,,-142.97,1/20/2023,36.36,56.87,1/23/2023,10400,593,24930.9,15.4,2,0.06,2,25010.23,107.5,2,0.43,2
CDR-22-160,160,8/29/2022,T5,9,5 cm olivine,15,porewater,syringe pulled,21.749,11:20:00,,25.2,21.3,12.75,6.72,,0.1,,,6086,,3221.786988,99.83289687,0,,,,17.4,,-3.817403034,194.87,,6.437387345,-315.5,,-150.74,1/20/2023,39.02,40.99,1/23/2023,11900,456,,,,,,,,,,
CDR-22-161,161,8/29/2022,T5,4,5 cm sand,5,porewater,syringe pulled,22.179,11:49:00,,26.2,38.06,24.12,6.43,,0.01,,,2641,,1318.90522,94.80224919,0,,,,16.04,,-4.271617218,211.75,,6.132005165,-269.5,,-104.74,1/20/2023,6.78,21.17,1/23/2023,10500,1160,8304.6,4.9,2,0.06,2,6962.46,20.5,2,0.29,2
CDR-22-162,162,8/29/2022,T5,4,5 cm sand,15,porewater,syringe pulled,21.981,12:09:00,,26.2,19.314,11.45,6.4,,0.07,,,2083,,1097.610217,100.3447445,0,,,,15.97,,-4.29499589,213.33,,6.103420814,-255.92,,-91.16,1/20/2023,4.99,20.34,1/23/2023,10700,1270,,,,,,,,,,
CDR-22-163,163,8/29/2022,T5,3,5 cm olivine,5,porewater,syringe pulled,22.253,12:24:00,,27.3,18.3,10.78,6.7,,0.03,,,4359,,2320.071616,100.5753146,0,,,,16.79,,-4.021131455,192.57,,6.478997476,-298.93,,-134.17,1/20/2023,31.42,308.01,1/23/2023,10300,914,13464.1,9.8,2,0.07,2,14815.19,11.5,2,0.08,2
CDR-22-164,164,8/29/2022,T5,3,5 cm olivine,15,porewater,syringe pulled,21.968,12:55:00,,27.6,20.715,12.35,6.71,,0.04,,,2679,,1409.654558,99.87146634,0,,,,16.35,,-4.168083103,195.92,,6.418391416,-309.93,,-145.17,1/20/2023,28.33,365.93,1/23/2023,12100,896,,,,,,,,,,
CDR-22-165,165,8/30/2022,T5,11,1 cm olivine,5,porewater,syringe pulled,24.24,11:37:00,,28.2,35.9,22.56,6.68,,0.25,,,1237,,597.5017614,95.37099612,0,,,,16.76,,-3.115195952,153.2,,8.105275721,-204.91,,-89.94,1/20/2023,7.01,13.7,1/23/2023,11200,1310,7104.2,6.3,2,0.09,2,6617.26,3.61,2,0.05,2
CDR-22-166,166,8/30/2022,T5,11,1 cm olivine,15,porewater,syringe pulled,22.955,11:52:00,,27.7,37.5,23.64,6.52,,0.25,,,2846,,1386.10589,94.92696868,0,,,,16.09,,-3.303399855,159.23,,7.960578872,-220.3,,-105.33,1/20/2023,6.95,23.91,1/23/2023,10900,1240,,,,,,,,,,
CDR-22-167,167,8/30/2022,T5,13,control,5,porewater,syringe pulled,24.154,12:16:00,,27.7,37.8,23.72,6.54,,0.12,,,2653,,1290.702912,94.89197266,0,,,,15.85,,-3.370816179,158.21,,7.985054956,-225.54,,-110.57,1/20/2023,6.47,42.48,1/23/2023,10200,1250,8887.2,1.3,2,0.01,2,7459.7,4.74,2,0.06,2
CDR-22-168,168,8/30/2022,T5,13,control,15,porewater,syringe pulled,22.57,12:33:00,,27.7,21.145,12.63,6.44,,0.15,,,5000,,2569.630216,99.74329648,0,,,,15.97,,-3.337108017,163.69,,7.853555996,-238.34,,-123.37,1/20/2023,8.52,33.11,1/23/2023,12000,1110,12846.1,7.4,2,0.06,2,11663.17,21.23,2,0.18,2
CDR-22-169,169,8/30/2022,T5,1,1 cm olivine,5,porewater,syringe pulled,25.103,12:55:00,,27.5,37.18,23.48,6.5,,0.12,,,882,,420.4733865,95.00832828,0,,,,15.37,,-3.505648826,164.7,,7.829319874,-185.61,,-70.64,1/20/2023,1.2,24.46,1/23/2023,10400,1580,2550.4,0.7,2,0.03,2,2193.15,0.96,2,0.04,2
CDR-22-170,170,8/30/2022,T5,1,1 cm olivine,15,porewater,syringe pulled,22.828,13:11:00,,28.6,37.74,23.85,6.52,,0.03,,,3096,,1506.794697,94.78395012,0,,,,14.1,,-3.862393538,158.32,,7.982415378,-229.72,,-114.75,1/20/2023,9.19,129.54,1/23/2023,11200,1350,,,,,,,,,,
CDR-22-171,171,8/29/2022,T5,8,5 cm sand,5,porewater,syringe pulled,22,10:30:00,,25,17.65,10.4,6.62,,0.1,,,5000,,2671.513224,100.8722726,0,,,,19.58,,-3.089324415,196.95,,6.399757313,-307.23,,-142.47,1/20/2023,27.34,185.54,1/23/2023,11500,612,21203.1,2,2,0.01,2,20715.69,36.87,2,0.18,2
CDR-22-172,172,8/29/2022,T5,8,5 cm sand,15,porewater,syringe pulled,22,11:00:00,,25.5,21.04,12.59,6.6,,0.07,,,5000,,2645.388362,99.88583759,0,,,,18.75,,-3.36652866,200.01,,6.344397748,-306.61,,-141.85,1/20/2023,18.86,216.46,1/23/2023,13400,739,,,,,,,,,,
CDR-22-173,173,8/29/2022,T5,14,biochar,5,porewater,syringe pulled,22.583,11:30:00,,26.2,37.107,23.46,6.54,,0.02,,,1150,,567.3227193,95.09096639,0,,,,17.54,,-3.770645692,210.49,,6.15480028,-252.24,,-87.48,1/20/2023,3.66,8.14,1/23/2023,11500,1410,4974,2.4,2,0.05,2,4130.37,3.71,2,0.09,2
CDR-22-174,174,8/29/2022,T5,14,biochar,15,porewater,syringe pulled,21.845,11:50:00,,26.3,19.648,11.67,6.56,,0.01,,,2381,,1255.695733,100.2428216,0,,,,16.26,,-4.198141395,201.8,,6.312014211,-270.46,,-105.7,1/20/2023,4.15,11.82,1/23/2023,12400,1380,,,,,,,,,,
CDR-22-175,175,8/29/2022,T5,7,5 cm sand,5,porewater,syringe pulled,23.993,12:25:00,,27.5,16.143,9.42,6.68,,0.07,,,5000,,2679.103754,101.1588795,0,,,,16.85,,-4.001092594,195.03,,6.434492727,-309.9,,-145.14,1/20/2023,24.78,202.21,1/23/2023,10600,675,18865,2.9,2,0.02,2,18853.43,47.07,2,0.25,2
CDR-22-176,176,8/29/2022,T5,7,5 cm sand,15,porewater,syringe pulled,21.892,12:40:00,,27.4,20.721,12.35,6.62,,0.07,,,4996,,2643.179568,99.8828339,0,,,,16.44,,-4.138024811,201.08,,6.325039991,-303.09,,-138.33,1/20/2023,20.53,240.7,1/23/2023,12100,812,,,,,,,,,,
CDR-22-177,177,8/29/2022,T5,6,biochar,5,porewater,syringe pulled,24.377,13:15:00,,28.6,36.573,23.03,6.67,,0.07,,,521,,248.6973543,95.14265937,0,,,,17.09,,-3.92093715,205.11,,6.252131805,-224.28,,-59.52,1/20/2023,,22.6,1/23/2023,10600,1430,2037.4,1.6,2,0.08,2,1682.01,2.96,2,0.18,2
CDR-22-178,178,8/29/2022,T5,6,biochar,15,porewater,syringe pulled,21.957,13:25:00,,29,29.94,17.1,6.54,,0.06,,,4708,,2435.809539,97.71400454,0,,,,18.73,,-3.37320828,199.25,,6.358147182,-295.55,,-130.79,1/20/2023,15.71,270.54,1/23/2023,12100,1130,14369.3,5.4,2,0.04,2,13745.99,34.97,2,0.25,2
CDR-22-179,179,8/30/2022,T5,15,control,5,porewater,syringe pulled,24.221,12:00:00,,27.8,35.98,22.63,6.78,,0.23,,,1015,,487.7600712,95.36310971,0,,,,15.71,,-3.410142368,149.05,,8.204859787,-200.4,,-85.43,1/20/2023,3.79,12.14,1/23/2023,10500,1380,5663.1,4.5,2,0.08,2,4632.1,28.38,2,0.61,2
CDR-22-180,180,8/30/2022,T5,15,control,15,porewater,syringe pulled,22.65,12:30:00,,27.4,38.75,24.55,6.55,,0.13,,,3144,,1526.525035,94.54594024,0,,,,15.02,,-3.603964298,156.99,,8.014330272,-232.17,,-117.2,1/20/2023,7.28,44.06,1/23/2023,11100,1270,9738.7,6.2,2,0.06,2,8055.4,9.91,2,0.12,2
CDR-22-181,181,8/30/2022,T5,5,1 cm olivine,5,porewater,syringe pulled,25.943,12:55:00,,28.1,36.12,22.72,6.56,,0.3,,,253,,111.1829055,95.30668785,0,,,,15.89,,-3.359580125,167.1,,7.771729088,-149.89,,-34.92,1/20/2023,,1.95,1/23/2023,11400,1530,11262.5,220.2,3,1.96,3,10651.83,55.61,2,0.52,2
CDR-22-182,182,8/30/2022,T5,5,1 cm olivine,15,porewater,syringe pulled,22.699,13:20:00,,27,35.49,22.31,6.46,,0.24,,,2068,,1010.017631,95.54856402,0,,,,14.11,,-3.859584525,162.81,,7.874672617,-212.96,,-97.99,1/20/2023,1.85,4.76,1/23/2023,9990,1290,,,,,,,,,,
CDR-22-183,183,8/30/2022,T5,2,control,5,porewater,syringe pulled,26.634,13:40:00,,29.4,29.6,18.2,6.61,,0.03,,,4202,,2102.432284,97.2100741,0,,,,16.45,,-3.20227537,157.55,,8.000892422,-251.76,,-136.79,1/20/2023,13.38,44.37,1/23/2023,10700,992,17559.2,7.4,2,0.04,2,17048.07,39.54,2,0.23,2
CDR-22-184,184,8/30/2022,T5,2,control,15,porewater,syringe pulled,22.957,14:00:00,,27.2,17.881,10.52,6.52,,0.1,,,5000,,2594.141602,100.6947355,0,,,,14.18,,-3.839921431,158.54,,7.977136223,-253.47,,-138.5,1/20/2023,12.81,15.82,1/23/2023,11200,940,,,,,,,,,,
CDR-22-185,185,8/29/2022,T5,12,5 cm olivine,"3 (into sand, not from native surface)",porewater,syringe pulled,26.564,15:50:00,15:50:00,31.2,35.556,22.95,6.98,1.9,0.12,-325.9,,,,,,,,,,,,,,,,,,,,,,,,,4559.8,1.8,2,0.04,2,4077.58,2.94,2,0.07,2
CDR-22-186,186,8/29/2022,T5,8,5 cm sand,"3 (into sand, not from native surface)",porewater,syringe pulled,27.961,16:10:00,16:10:00,29.6,35.585,22.32,6.67,13.4,0.82,-312.3,,,,,,,,,,,,,,,,,,,,,,,,,9805.8,2.6,2,0.03,2,9911.77,70.1,2,0.71,2
CDR-22-187,187,8/29/2022,T5,9,5 cm olivine,"3 (into sand, not from native surface)",porewater,syringe pulled,28.78,16:20:00,16:20:00,28.1,37.849,23.96,6.89,10.6,0.63,-313.4,,,,,,,,,,,,,,,,,,,,,,,,,13786.1,2.7,2,0.02,3,12150.06,64.1,2,0.53,2
CDR-22-188,188,8/29/2022,T5,7,5 cm sand,"3 (into sand, not from native surface)",porewater,syringe pulled,28.194,16:30:00,16:30:00,29.3,36.016,22.63,6.68,11.8,0.75,-314.7,,,,,,,,,,,,,,,,,,,,,,,,,3692,7,2,0.19,2,4590.24,0.58,2,0.01,2
CDR-22-189,189,8/29/2022,T5,3,5 cm olivine,"3 (into sand, not from native surface)",porewater,syringe pulled,27.276,16:39:00,16:39:00,29,34.083,21.29,7.31,7.5,0.46,-337.1,,,,,,,,,,,,,,,,,,,,,,,,,8420.5,2.9,2,0.03,2,9084.64,0.33,2,0,2
CDR-22-190,190,8/29/2022,T5,4,5 cm sand,"3 (into sand, not from native surface)",porewater,syringe pulled,27.442,16:49:00,16:49:00,28.5,40.799,26,6.32,16,1.01,-229.2,,,,,,,,,,,,,,,,,,,,,,,,,2568,1.1,4,0.04,2,1826.1,1.16,2,0.06,2
CDR-22-191,191,9/26/2022,T6,7,5 cm sand,5,porewater,syringe pulled,16.812,10:35:00,11:02:00,21.1,15.39,8.99,6.58,,0.17,,11:02:00,4230,,3043.144306,101.7107449,0,-118.4,,-188.458808,7.56,,-1.443678161,303.82,,6.531519265,,,,,,,,,,,,,,,,,,,
CDR-22-192,192,9/26/2022,T6,7,5 cm sand,15,porewater,syringe pulled,16.835,11:00:00,11:14:00,21,16.763,9.87,6.61,,0.1,,11:14:00,5000,,3587.967656,101.3314724,0,-120.6,,-191.5891166,7.63,,-1.377192982,306.1,,6.487850864,,,,,,,,,,,,,,,,,,,
CDR-22-193,193,9/26/2022,T6,6,biochar,5,porewater,syringe pulled,17.13,11:31:00,11:50:00,21.6,15.06,8.78,6.48,,0.22,,11:50:00,128,,69.22298995,101.7741905,0,13.02,,-1.465553584,6.74,,-2.222504537,315.89,,6.300344879,,,,,,,,,,,,,,,,,,,
CDR-22-194,194,9/26/2022,T6,6,biochar,15,porewater,syringe pulled,16.763,11:46:00,12:01:00,21.7,17.33,10.23,6.4,,0.24,,12:01:00,957,,666.4087298,101.1342038,0,5.96,,-11.51099854,6.23,,-2.706896552,317.75,,6.264720657,,,,,,,,,,,,,,,,,,,
CDR-22-195,195,9/26/2022,T6,12,5 cm olivine,5,porewater,syringe pulled,17.37,12:17:00,12:37:00,22.6,15.88,9.3,6.74,,0.46,,12:37:00,1154,,811.2679426,101.4898786,0,4.85,,-13.09038153,6.27,,-2.668905021,305.64,,6.496661156,,,,,,,,,,,,,,,,,,,
CDR-22-196,196,9/26/2022,T6,12,5 cm olivine,15,porewater,syringe pulled,16.551,12:40:00,13:00:00,22.7,19.07,11.33,6.57,,0.08,,13:00:00,2724,,1929.906236,100.5961707,0,6.47,,-10.78533609,8.68,,-0.379915306,310.35,,6.406451433,,,,,,,,,,,,,,,,,,,
CDR-22-197,197,9/26/2022,T6,10,biochar,5,porewater,syringe pulled,17.576,13:15:00,13:19:00,24.2,31.34,19.5,6.54,,0.14,,13:19:00,765,,506.0842351,96.93694512,0,25.18,,15.83651592,9.24,,0.151966122,316.56,,6.287512498,,,,,,,,,,,,,,,,,,,
CDR-22-198,198,9/26/2022,T6,10,biochar,15,porewater,syringe pulled,16.803,13:31:00,13:37:00,25.5,18.46,10.9,6.55,,0.11,,13:37:00,2984,,2116.950724,100.6251286,0,4.19,,-14.02947412,8.52,,-0.531881428,312.58,,6.363740672,,,,,,,,,,,,,,,,,,,
CDR-22-199,199,9/27/2022,T6,5,1 cm olivine,5,porewater,syringe pulled,17.51,11:15:00,11:38:00,21.8,27.32,16.79,6.49,,1.29,,11:38:00,,,,,0,24.48,,11.48225001,5.95,,-6.712338446,310.37,,6.253876082,,,,,,,,,,,,,,,,,,,
CDR-22-200,200,9/27/2022,T6,5,1 cm olivine,15,porewater,syringe pulled,17.239,11:40:00,11:54:00,21.7,31.72,19.79,6.44,,0.29,,11:54:00,,,,,0,1.14,,-18.79975172,5.97,,-6.696105463,309.88,,6.263769742,,,,,,,,,,,,,,,,,,,
CDR-22-201,201,9/27/2022,T6,11,1 cm olivine,5,porewater,syringe pulled,18.305,12:00:00,12:16:00,22.8,25.65,15.65,6.51,,0.15,,12:16:00,,,,,0,21.26,,7.30452741,7.35,,-5.57602964,309.71,,6.267202236,,,,,,,,,,,,,,,,,,,
CDR-22-202,202,9/27/2022,T6,11,1 cm olivine,15,porewater,syringe pulled,17.247,12:23:00,12:40:00,22.5,31.73,19.79,6.49,,0.71,,12:40:00,,,,,0,17.19,,2.023989833,6.35,,-6.387678787,310.69,,6.247414916,,,,,,,,,,,,,,,,,,,
CDR-22-203,203,9/27/2022,T6,13,control,5,porewater,syringe pulled,18.909,12:43:00,13:04:00,24.8,22.53,20.3,6.62,,0.2,,13:04:00,,,,,0,22.43,,8.822519785,8.3,,-4.80496295,309.19,,6.27770163,,,,,,,,,,,,,,,,,,,
CDR-22-204,204,9/27/2022,T6,13,control,15,porewater,syringe pulled,17.293,13:08:00,13:22:00,24.6,27,16.55,6.56,,0.01,,13:22:00,,,,,0,26.41,,13.98628872,6.97,,-5.884456316,305.18,,6.358668113,,,,,,,,,,,,,,,,,,,
CDR-22-205,205,9/27/2022,T6,15,control,5,porewater,syringe pulled,17.618,12:36:00,12:55:00,22.5,31.899,19.91,6.51,,0.44,,12:55:00,,,,,0,-2.11,,-23.0163972,6.3,,-6.428261244,312.42,,6.212484239,,,,,,,,,,,,,,,,,,,
CDR-22-206,206,9/27/2022,T6,15,control,15,porewater,syringe pulled,17.199,12:57:00,13:18:00,25.6,20.92,12.5,6.49,,0.22,,13:18:00,,,,,0,13.85,,-2.309424297,8.15,,-4.926710322,310.96,,6.241963307,,,,,,,,,,,,,,,,,,,
CDR-22-207,207,9/26/2022,T6,4,5 cm sand,5,porewater,syringe pulled,16.619,10:30:00,10:57:00,20.3,29.49,18.29,6.21,,0.9,,10:57:00,720,,478.6701474,97.68792728,0,14.21,,0.227658809,7.83,,-1.18723533,323.16,,6.161103969,,,,,,,,,,,,,,,,,,,
CDR-22-208,208,9/26/2022,T6,4,5 cm sand,15,porewater,syringe pulled,16.389,10:59:00,11:09:00,20.8,17.265,10.2,6.21,,0.28,,11:09:00,619,,423.0152785,101.1984813,0,0.34,,-19.50751422,7.6,,-1.40568663,325.08,,6.124330578,,,,,,,,,,,,,,,,,,,
CDR-22-209,209,9/26/2022,T6,3,5 cm olivine,5,porewater,syringe pulled,17.788,11:13:00,11:28:00,21,29.25,18.09,6.81,,0.11,,11:28:00,4862,,3364.50503,97.7356309,0,-60.8,,-106.5016367,7.08,,-1.899576528,293.64,,6.726494846,,,,,,,,,,,,,,,,,,,
CDR-22-210,210,9/26/2022,T6,3,5 cm olivine,15,porewater,syringe pulled,16.759,11:29:00,11:45:00,20.9,17.95,10.63,6.69,,0.16,,11:45:00,5000,,3576.397011,101.0046939,0,-15.05,,-41.40544593,6.53,,-2.421960073,302.53,,6.556226387,,,,,,,,,,,,,,,,,,,
CDR-22-211,211,9/26/2022,T6,8,5 cm sand,5,porewater,syringe pulled,17.978,12:18:00,12:30:00,22.3,15.57,9.1,6.61,,1.4,,12:30:00,3605,,2587.054943,101.59442,0,-18.05,,-45.6740486,6.04,,-2.887356322,309.77,,6.417560061,,,,,,,,,,,,,,,,,,,
CDR-22-212,212,9/26/2022,T6,8,5 cm sand,15,porewater,syringe pulled,16.934,12:32:00,12:45:00,21.5,18.8,15.2,6.61,,0.12,,12:45:00,5828,,4088.538616,98.97144339,0,-3.26,,-24.62983742,5.81,,-3.105807623,306.7,,6.47635918,,,,,,,,,,,,,,,,,,,
CDR-22-213,213,9/26/2022,T6,14,biochar,5,porewater,syringe pulled,17.732,12:49:00,13:04:00,24.2,35.57,22.42,6.48,,0.05,,13:04:00,658,,426.4553491,95.65959024,0,3.71,,-14.71245055,8.25,,-0.788324259,314.07,,6.335202989,,,,,,,,,,,,,,,,,,,
CDR-22-214,214,9/26/2022,T6,14,biochar,15,porewater,syringe pulled,16.726,13:04:00,13:12:00,23.2,36.55,23.11,6.46,,0.07,,13:12:00,1296,,859.2821861,95.4145873,0,1.91,,-17.27361215,8.21,,-0.826315789,312.18,,6.371401795,,,,,,,,,,,,,,,,,,,
CDR-22-215,215,9/26/2022,T6,9,5 cm olivine,5,porewater,syringe pulled,17.911,13:16:00,13:29:00,24.3,32.64,20.37,6.79,,0.08,,13:29:00,1478,,994.7699998,96.55067958,0,-2.38,,-23.37771397,7.81,,-1.206231095,301.23,,6.581125037,,,,,,,,,,,,,,,,,,,
CDR-22-216,216,9/26/2022,T6,9,5 cm olivine,15,porewater,syringe pulled,16.927,13:30:00,13:44:00,24.5,37.59,23.83,6.68,,0.09,,13:44:00,3933,,2641.957897,95.02573399,0,2.35,,-16.64755043,8.7,,-0.36091954,301.57,,6.574613082,,,,,,,,,,,,,,,,,,,
CDR-22-217,217,9/27/2022,T6,1,1 cm olivine,5,porewater,syringe pulled,17.273,11:12:00,11:29:00,21.9,34.5,21.67,6.49,,0.35,,11:29:00,,,,,0,7.42,,-10.65189521,6.34,,-6.395795278,308.66,,6.288402936,,,,,,,,,,,,,,,,,,,
CDR-22-218,218,9/27/2022,T6,1,1 cm olivine,15,porewater,syringe pulled,17.373,11:32:00,11:47:00,21.3,35,22.01,6.52,,0.24,,11:47:00,,,,,0,-30.48,,-59.82446872,6.01,,-6.663639497,303.37,,6.395214081,,,,,,,,,,,,,,,,,,,
CDR-22-219,219,9/27/2022,T6,2,control,5,porewater,syringe pulled,17.413,11:51:00,12:12:00,21.7,33.2,20.85,6.56,,0.17,,12:12:00,,,,,0,10.93,,-6.097918087,6.36,,-6.379562295,307.2,,6.317882004,,,,,,,,,,,,,,,,,,,
CDR-22-220,220,9/27/2022,T6,2,control,15,porewater,syringe pulled,17.441,12:13:00,12:31:00,22,34.8,21.91,6.55,,2.15,,12:31:00,,,,,0,19.12,,4.528028537,6.17,,-6.533775633,306.55,,6.331006247,,,,,,,,,,,,,,,,,,,
CDR-22-221,221,9/26/2022,T6,12,5 cm olivine,"3 (into sand, not from native surface)",porewater,syringe pulled,19.439,14:05:00,14:05:00,21.6,34.301,21.58,6.85,18,1.37,-218.8,,,,,,,,,,,,,,,,,,,,,,,,,,,,,,,,,,
CDR-22-222,222,9/26/2022,T6,9,5 cm olivine,"3 (into sand, not from native surface)",porewater,syringe pulled,21.117,14:16:00,14:16:00,21.6,29.295,18.48,7.23,19.4,1.45,-242.1,,,,,,,,,,,,,,,,,,,,,,,,,,,,,,,,,,
CDR-22-223,223,9/26/2022,T6,8,5 cm sand,"3 (into sand, not from native surface)",porewater,syringe pulled,20.906,14:28:00,14:28:00,20.9,34.579,21.78,6.45,14.7,1.09,-263.7,,,,,,,,,,,,,,,,,,,,,,,,,,,,,,,,,,
CDR-22-224,224,9/26/2022,T6,7,5 cm sand,"3 (into sand, not from native surface)",porewater,syringe pulled,21.698,14:38:00,14:38:00,22.4,33.744,21.18,6.71,21.6,1.63,-243.2,,,,,,,,,,,,,,,,,,,,,,,,,,,,,,,,,,
CDR-22-225,225,9/26/2022,T6,3,5 cm olivine,"3 (into sand, not from native surface)",porewater,syringe pulled,20.001,14:53:00,14:53:00,22.2,34.174,21.48,7.16,22.1,1.38,-312.4,,,,,,,,,,,,,,,,,,,,,,,,,,,,,,,,,,
CDR-22-226,226,9/26/2022,T6,4,5 cm sand,"3 (into sand, not from native surface)",porewater,syringe pulled,20.075,15:05:00,15:05:00,21.8,35.599,22.48,6.59,13.5,1.01,-243.1,,,,,,,,,,,,,,,,,,,,,,,,,,,,,,,,,,
